id	rate
02090	210
02130	210
02282	210
02158	210
02180	210
02198	150
02290	150
02164	110
02185	110
02275	110
02230	110
02188	110
02068	110
02060	200
02013	200
02261	200
02220	150
02150	150
02110	150
02070	150
02020	150
02122	300
02050	300
02170	300
02195	300
02100	220
02240	220
02105	220
02016	220
01001	220
01003	100
01005	120
01007	120
01009	120
01011	180
01013	210
01015	210
01017	210
01019	210
01021	300
01023	300
01025	300
01027	300
01029	210
01031	210
01033	210
01035	130
01037	130
01039	130
01041	130
01043	210
01045	210
01047	210
01049	210
01051	210
01053	150
01055	150
01057	110
01059	110
01061	110
01063	110
01065	110
01067	110
01069	200
01071	200
01073	200
01075	150
01077	150
01079	150
01081	150
01083	150
01085	300
01087	300
01089	300
01091	300
01093	220
01095	220
01097	220
01099	220
01101	220
01103	100
01105	120
01107	120
01109	120
01111	180
01113	210
01115	210
01117	210
01119	210
01121	300
01123	300
01125	300
01127	300
01129	210
01131	210
01133	210
05001	130
05003	130
05005	130
05007	130
05009	210
05011	210
05013	210
05015	210
05017	210
05019	150
05021	150
05023	110
05025	110
05027	110
05029	110
05031	110
05033	110
05035	200
05037	200
05039	200
05041	150
05043	150
05045	150
05047	150
05049	150
05051	300
05053	300
05055	300
05057	300
05059	220
05061	220
05063	220
05065	220
05067	220
05069	100
05071	120
05073	120
05075	120
05077	180
05079	210
05081	210
05083	210
05085	210
05087	300
05089	300
05091	300
05093	300
05095	210
05097	210
05099	210
05101	130
05103	130
05105	130
05107	130
05109	100
05111	100
05113	100
05115	100
05117	100
05119	100
05121	100
05123	210
05125	210
05127	210
05129	210
05131	210
05133	150
05135	150
05137	110
05139	110
05141	110
05143	110
05145	110
05147	110
05149	200
04001	200
04003	200
04005	150
04007	150
04009	150
04011	150
04012	150
04013	300
04015	300
04017	300
04019	300
04021	220
04023	220
04025	220
04027	220
06001	220
06003	100
06005	120
06007	120
06009	120
06011	180
06013	210
06015	210
06017	210
06019	210
06021	300
06023	300
06025	300
06027	300
06029	210
06031	210
06033	210
06035	130
06037	130
06039	130
06041	130
06043	210
06045	210
06047	210
06049	210
06051	210
06053	150
06055	150
06057	110
06059	110
06061	110
06063	110
06065	110
06067	110
06069	200
06071	200
06073	200
06075	150
06077	150
06079	150
06081	150
06083	150
06085	300
06087	300
06089	300
06091	300
06093	220
06095	220
06097	220
06099	220
06101	220
06103	100
06105	120
06107	120
06109	120
06111	180
06113	210
06115	210
08001	210
08003	210
08005	300
08007	300
08009	300
08011	300
08013	210
08014	210
08015	210
08017	130
08019	130
08021	130
08023	130
08025	210
08027	210
08029	210
08031	210
08033	210
08035	150
08037	150
08041	110
08039	110
08043	110
08045	110
08047	110
08049	110
08051	200
08053	200
08055	200
08057	150
08059	150
08061	150
08063	150
08067	150
08065	300
08069	300
08071	300
08073	300
08075	220
08077	220
08079	220
08081	220
08083	220
08085	100
08087	120
08089	120
08091	120
08093	180
08095	210
08097	210
08099	210
08101	210
08103	300
08105	300
08107	300
08109	300
08111	210
08113	210
08115	210
08117	120
08119	120
08121	120
08123	120
08125	120
09001	120
09003	120
09005	120
09007	120
09009	120
09011	120
09013	120
09015	120
01001	120
10001	120
10003	210
10005	210
12001	210
12003	210
12005	210
12007	150
12009	150
12011	110
12013	110
12015	110
12017	110
12019	110
12021	110
12023	200
12027	200
12029	200
12031	150
12033	150
12035	150
12037	150
12039	150
12041	300
12043	300
12045	300
12047	300
12049	220
12051	220
12053	220
12055	220
12057	220
12059	100
12061	120
12063	120
12065	120
12067	180
12069	210
12071	210
12073	210
12075	210
12077	300
12079	300
12081	300
12083	300
12085	210
12086	210
12087	210
12089	130
12091	130
12093	130
12095	130
12097	210
12099	210
12101	210
12103	210
12105	210
12107	150
12109	150
12111	110
12113	110
12115	110
12117	110
12119	110
12121	110
12123	200
12125	200
12127	200
12129	150
12131	150
12133	150
13001	150
13003	150
13005	300
13007	300
13009	300
13011	300
13013	220
13015	220
13017	220
13019	220
13021	220
13023	100
13025	120
13027	120
13029	120
13031	180
13033	210
13035	210
13037	210
13039	210
13043	300
13045	300
13047	300
13049	300
13051	210
13053	210
13055	210
13057	130
13059	130
13061	130
13063	130
13065	210
13067	210
13069	210
13071	210
13073	210
13075	150
13077	150
13079	110
13081	110
13083	110
13085	110
13089	110
13087	110
13091	200
13093	200
13095	200
13097	150
13099	150
13101	150
13103	150
13105	150
13107	300
13109	300
13111	300
13113	300
13115	220
13117	220
13119	220
13121	220
13123	220
13125	100
13127	120
13129	120
13131	120
13133	180
13135	210
13137	210
13139	210
13141	210
13143	300
13145	300
13147	300
13149	300
13151	210
13153	210
13155	210
13157	130
13159	130
13161	130
13163	130
13165	100
13167	100
13169	100
13171	100
13173	100
13175	100
13177	100
13179	210
13181	210
13183	210
13185	210
13187	210
13193	150
13195	150
13197	110
13189	110
13191	110
13199	110
13201	110
13205	110
13207	200
13209	200
13211	200
13213	150
13215	150
13217	150
13219	150
13221	150
13223	300
13225	300
13227	300
13229	300
13231	220
13233	220
13235	220
13237	220
13239	220
13241	100
13243	120
13245	120
13247	120
13249	180
13251	210
13253	210
13255	210
13257	210
13259	300
13261	300
13263	300
13265	300
13267	210
13269	210
13271	210
13273	130
13275	130
13277	130
13279	130
13281	210
13283	210
13285	210
13287	210
13289	210
13291	150
13293	150
13295	110
13297	110
13299	110
13301	110
13303	110
13305	110
13307	200
13309	200
13311	200
13313	150
13315	150
13317	150
13319	150
13321	150
15001	300
15003	300
15005	300
15007	300
15009	220
19001	220
19003	220
19005	220
19007	220
19009	100
19011	120
19013	120
19015	120
19017	180
19019	210
19021	210
19023	210
19025	210
19027	300
19029	300
19031	300
19033	300
19035	210
19037	210
19039	210
19041	130
19043	130
19045	130
19047	130
19049	210
19051	210
19053	210
19055	210
19057	210
19059	150
19061	150
19063	110
19065	110
19067	110
19069	110
19071	110
19073	110
19075	200
19077	200
19079	200
19081	150
19083	150
19085	150
19087	150
19089	150
19091	300
19093	300
19095	300
19097	300
19099	220
19101	220
19103	220
19105	220
19107	220
19109	100
19111	120
19113	120
19115	120
19117	180
19119	210
19121	210
19123	210
19125	210
19127	300
19129	300
19131	300
19133	300
19135	210
19137	210
19139	210
19141	122
19143	122
19145	122
19147	122
19149	122
19151	122
19153	122
19155	122
19157	125
19159	125
19161	125
19163	125
19165	125
19167	125
19169	125
19171	125
19173	125
19175	125
19177	125
19179	125
19181	125
19183	125
19185	125
19187	125
19189	125
19191	125
19193	125
19195	125
19197	125
16001	125
16003	125
16005	125
16007	125
16009	125
16011	125
16013	125
16015	125
16017	125
16019	125
16021	125
16023	125
16025	125
16027	125
16029	125
16031	125
16033	125
16035	125
16037	125
16039	125
16041	125
16043	125
16045	125
16047	125
16049	125
16051	125
16053	125
16055	125
16057	125
16059	125
16061	125
16063	125
16065	125
16067	125
16069	125
16071	125
16073	125
16075	125
16077	125
16079	125
16081	125
16083	125
16085	125
16087	125
17001	125
17003	125
17005	125
17007	125
17009	125
17011	125
17013	125
17015	125
17017	125
17019	125
17021	125
17023	125
17025	125
17027	125
17029	125
17031	125
17033	125
17035	125
17039	125
17037	125
17041	125
17043	125
17045	125
17047	125
17049	125
17051	225
17053	225
17055	225
17057	225
17059	225
17061	225
17063	225
17065	225
17067	225
17069	225
17071	225
17073	225
17075	225
17077	225
17079	225
17081	225
17083	225
17085	225
17087	225
17089	225
17091	225
17093	225
17095	225
17099	225
17097	225
17101	225
17103	225
17105	225
17107	225
17115	225
17117	225
17119	225
17121	225
17123	225
17125	225
17127	225
17109	225
17111	225
17113	225
17129	225
17131	225
17133	225
17135	225
17137	225
17139	225
17141	225
17143	225
17145	225
17147	225
17149	225
17151	225
17153	225
17155	225
17157	225
17159	225
17161	225
17163	225
17165	225
17167	225
17169	225
17171	225
17173	225
17175	225
17177	225
17179	225
17181	225
17183	225
17185	225
17187	225
17189	225
17191	225
17193	225
17195	225
17197	225
17199	225
17201	225
17203	225
18001	225
18003	225
18005	225
18007	225
18009	225
18011	225
18013	225
18015	225
18017	225
18019	225
18021	225
18023	225
18025	225
18027	225
18033	225
18029	225
18031	225
18035	225
18037	225
18039	225
18041	225
18043	225
18045	225
18047	225
18049	225
18051	225
18053	225
18055	225
18057	225
18059	225
18061	225
18063	225
18065	225
18067	225
18069	225
18071	225
18073	225
18075	225
18077	225
18079	225
18081	225
18083	225
18085	225
18087	225
18091	225
18089	225
18093	225
18095	225
18097	225
18099	225
18101	225
18103	225
18105	225
18107	225
18109	225
18111	225
18113	225
18115	225
18117	225
18119	225
18121	225
18123	225
18125	225
18127	225
18129	225
18131	225
18133	225
18135	225
18137	225
18139	225
18141	225
18143	225
18145	225
18147	225
18149	225
18151	225
18153	225
18155	225
18157	225
18159	225
18161	225
18163	225
18165	225
18167	225
18169	225
18171	225
18173	225
18175	225
18177	225
18179	225
18181	225
18183	225
20001	225
20003	225
20005	225
20007	225
20009	225
20011	225
20013	225
20015	225
20017	225
20019	225
20021	225
20023	225
20025	225
20027	225
20029	225
20031	225
20033	225
20035	225
20037	225
20039	225
20041	225
20043	225
20045	225
20047	225
20049	225
20051	225
20053	225
20055	225
20057	225
20059	225
20061	225
20063	225
20065	225
20067	225
20069	225
20071	225
20073	225
20075	225
20077	225
20079	225
20081	225
20083	225
20085	225
20087	225
20089	225
20091	210
20093	210
20095	210
20097	210
20099	210
20101	150
20103	150
20105	110
20107	110
20109	110
20111	110
20115	110
20117	110
20113	200
20119	200
20121	200
20123	150
20125	150
20127	150
20129	150
20131	150
20133	300
20135	300
20137	300
20139	300
20141	220
20143	220
20145	220
20147	220
20149	220
20151	100
20153	120
20155	120
20157	120
20159	180
20161	210
20163	210
20165	210
20167	210
20169	300
20171	300
20173	300
20175	300
20177	210
20179	210
20181	210
20183	130
20185	130
20187	130
20189	130
20191	210
20193	210
20195	210
20197	210
20199	210
20201	150
20203	150
20205	110
20207	110
20209	110
21001	110
21003	110
21005	110
21007	200
21009	200
21011	200
21013	150
21015	150
21017	150
21019	150
21021	150
21023	300
21025	300
21027	300
21029	300
21031	220
21033	220
21035	220
21037	220
21039	220
21041	100
21043	120
21045	120
21047	120
21049	180
21051	210
21053	210
21055	210
21057	210
21059	300
21061	300
21063	300
21065	300
21067	210
21069	210
21071	210
21073	130
21075	130
21077	130
21079	130
21081	210
21083	210
21085	210
21087	210
21089	210
21091	150
21093	150
21095	110
21097	110
21099	110
21101	110
21103	110
21105	110
21107	200
21109	200
21111	200
21113	150
21115	150
21117	150
21119	150
21121	150
21123	300
21125	300
21127	300
21129	300
21131	220
21133	220
21135	220
21137	220
21139	220
21141	100
21143	120
21151	120
21153	120
21155	180
21157	210
21159	210
21161	210
21145	210
21147	300
21149	300
21163	300
21165	300
21167	210
21169	210
21171	210
21173	130
21175	130
21177	130
21179	130
21181	100
21183	100
21185	100
21187	100
21189	100
21191	100
21193	100
21195	210
21197	210
21199	210
21201	210
21203	210
21205	150
21207	150
21209	110
21211	110
21213	110
21215	110
21217	110
21219	110
21221	200
21223	200
21225	200
21227	150
21229	150
21231	150
21233	150
21235	150
21237	300
21239	300
22001	300
22003	300
22005	220
22007	220
22009	220
22011	220
22013	220
22015	100
22017	120
22019	120
22021	120
22023	180
22025	210
22027	210
22029	210
22031	210
22033	300
22035	300
22037	300
22039	300
22041	210
22043	210
22045	210
22047	130
22049	130
22053	130
22051	130
22059	210
22055	210
22057	210
22061	210
22063	210
22065	150
22067	150
22069	110
22071	110
22073	110
22075	110
22077	110
22079	110
22081	200
22083	200
22085	200
22087	150
22089	150
22091	150
22093	150
22095	150
22097	300
22099	300
22101	300
22103	300
22105	220
22107	220
22109	220
22111	220
22113	220
22115	100
22117	120
22119	120
22121	120
22123	180
22125	210
22127	210
25001	210
25003	210
25005	300
25007	300
25009	300
25011	300
25013	210
25015	210
25017	210
25019	130
25021	130
25023	130
25025	130
25027	210
24001	210
24003	210
24510	210
24005	210
24009	150
24011	150
24013	110
24015	110
24017	110
24019	110
24021	110
24023	110
24025	200
24027	200
24029	200
24031	150
24033	150
24035	150
24037	150
24039	150
24041	300
24043	300
24045	300
24047	300
23001	220
23003	220
23005	220
23007	220
23009	220
23011	100
23013	120
23015	120
23017	120
23019	180
23021	210
23023	210
23025	210
23027	210
23029	300
23031	300
26001	300
26003	300
26005	210
26007	210
26009	210
26011	120
26013	120
26015	120
26017	120
26019	120
26021	120
26023	120
26025	120
26027	120
26029	120
26031	120
26033	120
26035	120
26037	120
26039	120
26041	210
26043	225
26045	225
26047	225
26049	225
26051	225
26053	210
26055	210
26057	210
26059	210
26061	210
26063	150
26065	150
26067	110
26069	110
26071	110
26073	110
26075	110
26077	110
26079	200
26081	200
26083	200
26085	150
26087	150
26089	150
26091	150
26093	150
26095	300
26097	300
26099	300
26101	300
26103	220
26105	220
26107	220
26109	220
26111	220
26113	100
26115	120
26117	120
26119	120
26121	180
26123	210
26125	210
26127	210
26129	210
26131	300
26133	300
26135	300
26137	300
26139	210
26141	210
26143	210
26145	130
26147	130
26149	130
26151	130
26153	210
26155	210
26157	210
26159	210
26161	210
26163	150
26165	150
27001	110
27003	110
27005	110
27007	110
27009	110
27011	110
27013	200
27015	200
27017	200
27019	150
27021	150
27023	150
27025	150
27027	150
27029	300
27031	300
27033	300
27035	300
27037	220
27039	220
27041	220
27043	220
27045	220
27047	100
27049	120
27051	120
27053	120
27055	180
27057	210
27059	210
27061	210
27063	210
27065	300
27067	300
27069	300
27071	300
27073	210
27075	210
27077	210
27079	130
27081	130
27083	130
27087	130
27089	210
27091	210
27085	210
27093	210
27095	210
27097	150
27099	150
27101	110
27103	110
27105	110
27107	110
27109	110
27111	110
27113	200
27115	200
27117	200
27119	150
27121	150
27123	150
27125	150
27127	150
27129	300
27131	300
27133	300
27135	300
27137	220
27139	220
27141	220
27143	220
27145	220
27147	100
27149	120
27151	120
27153	120
27155	180
27157	210
27159	210
27161	210
27163	210
27165	300
27167	300
27169	300
27171	300
27173	210
29001	210
29003	210
29005	130
29007	130
29009	130
29011	130
29013	100
29015	100
29017	100
29019	100
29021	100
29023	100
29025	100
29027	210
29029	210
29031	210
29033	210
29035	210
29037	150
29039	150
29041	110
29043	110
29045	110
29047	110
29049	110
29051	110
29053	200
29055	200
29057	200
29059	150
29061	150
29063	150
29065	150
29067	150
29069	300
29071	300
29073	300
29075	300
29077	220
29079	220
29081	220
29083	220
29085	220
29087	100
29089	120
29091	120
29093	120
29095	180
29097	210
29099	210
29101	210
29103	210
29105	300
29107	300
29109	300
29111	300
29113	210
29115	210
29117	210
29121	130
29123	130
29125	130
29127	130
29119	210
29129	210
29131	210
29133	210
29135	210
29137	150
29139	150
29141	110
29143	110
29145	110
29147	110
29149	110
29151	110
29153	200
29155	200
29157	200
29159	150
29161	150
29163	150
29165	150
29167	150
29169	300
29171	300
29173	300
29175	300
29177	220
29179	220
29181	220
29183	220
29185	220
29187	100
29510	120
29189	120
29186	120
29195	180
29197	210
29199	210
29201	210
29203	210
29205	300
29207	300
29209	300
29211	300
29213	210
29215	210
29217	210
29219	130
29221	130
29223	130
29225	130
29227	210
29229	210
28001	210
28003	210
28005	210
28007	150
28009	150
28011	110
28013	110
28015	110
28017	110
28019	110
28021	110
28023	200
28025	200
28027	200
28029	150
28031	150
28033	150
28035	150
28037	150
28039	300
28041	300
28043	300
28045	300
28047	220
28049	220
28051	220
28053	220
28055	220
28057	100
28059	120
28061	120
28063	120
28065	180
28067	210
28069	210
28071	210
28073	210
28075	300
28077	300
28079	300
28081	300
28083	210
28085	210
28087	210
28089	120
28091	120
28093	120
28095	120
28097	120
28099	120
28101	120
28103	120
28105	120
28107	120
28109	120
28111	120
28113	120
28115	120
28117	120
28119	210
28121	225
28123	225
28125	225
28127	225
28129	225
28131	225
28133	225
28135	225
28137	225
28139	225
28141	225
28143	225
28145	225
28147	225
28149	225
28151	225
28153	225
28155	225
28157	225
28159	225
28161	225
28163	225
30001	225
30003	225
30005	225
30007	225
30009	225
30011	225
30013	225
30015	225
30017	225
30019	225
30021	225
30023	225
30025	225
30027	225
30029	225
30031	225
30033	225
30035	225
30037	225
30039	225
30041	225
30043	225
30045	225
30047	225
30049	225
30051	225
30053	225
30057	225
30055	225
30059	225
30061	225
30063	225
30065	225
30067	225
30069	225
30071	225
30073	225
30075	225
30077	225
30079	225
30081	225
30083	225
30085	225
30087	225
30089	225
30091	225
30093	225
30095	225
30097	225
30099	225
30101	225
30103	225
30105	225
30107	225
30109	225
30111	225
37001	225
37003	225
37005	225
37007	225
37009	225
37011	225
37013	225
37015	225
37017	225
37019	225
37021	225
37023	225
37025	225
37027	225
37029	225
37031	225
37033	225
37035	225
37037	225
37039	225
37041	225
37043	225
37045	225
37047	225
37049	225
37051	225
37053	225
37055	225
37057	225
37059	225
37061	225
37063	225
37065	225
37067	225
37069	225
37071	225
37073	225
37075	225
37077	225
37079	225
37081	225
37083	225
37085	225
37087	225
37089	225
37091	225
37093	225
37095	225
37097	225
37099	225
37101	225
37103	225
37105	225
37107	225
37109	225
37113	225
37115	225
37117	225
37111	225
37119	225
37121	225
37123	225
37125	225
37127	225
37129	225
37131	225
37133	225
37135	225
37137	225
37139	225
37141	225
37143	225
37145	225
37147	225
37149	225
37151	225
37153	225
37155	225
37157	225
37159	225
37161	225
37163	225
37165	225
37167	225
37169	225
37171	225
37173	225
37175	225
37177	225
37179	225
37181	225
37183	225
37185	225
37187	225
37189	225
37191	225
37193	225
37195	225
37197	225
37199	225
38001	225
38003	225
38005	225
38007	225
38009	225
38011	225
38013	225
38015	225
38017	225
38019	225
38021	225
38023	225
38025	225
38027	225
38029	225
38031	225
38033	225
38035	225
38037	225
38039	225
38041	225
38043	225
38045	225
38047	225
38049	225
38051	225
38053	225
38055	225
38057	225
38059	225
38061	225
38063	225
38065	225
38067	225
38069	225
38071	225
38073	225
38075	225
38077	225
38079	225
38081	225
38083	225
38085	225
38087	225
38089	225
38091	225
38093	225
38095	225
38097	225
38099	225
38101	225
38103	225
38105	225
31001	225
31003	225
31005	225
31007	225
31009	225
31011	225
31013	225
31015	225
31017	225
31019	225
31021	225
31023	225
31025	225
31027	225
31029	225
31031	225
31033	225
31035	225
31037	225
31039	225
31041	225
31043	225
31045	225
31047	225
31049	225
31051	225
31053	225
31055	225
31057	225
31059	225
31061	225
31063	225
31065	225
31067	225
31069	225
31071	225
31073	225
31075	225
31077	225
31079	225
31081	225
31083	225
31085	225
31087	225
31089	225
31091	225
31093	225
31095	225
31097	225
31099	225
31101	225
31103	225
31105	225
31107	225
31109	225
31111	225
31113	225
31115	210
31119	210
31117	210
31121	210
31123	210
31125	150
31127	150
31129	110
31131	110
31133	110
31135	110
31137	110
31139	110
31141	200
31143	200
31145	200
31147	150
31149	150
31151	150
31153	150
31155	150
31157	300
31159	300
31161	300
31163	300
31165	220
31167	220
31169	220
31171	220
31173	220
31175	100
31177	120
31179	120
31181	120
31183	180
31185	210
33001	210
33003	210
33005	210
33007	300
33009	300
33011	300
33013	300
33015	210
33017	210
33019	210
34001	130
34003	130
34005	130
34007	130
34009	210
34011	210
34013	210
34015	210
34017	210
34019	150
34021	150
34023	110
34025	110
34027	110
34029	110
34031	110
34033	110
34035	200
34037	200
34039	200
34041	150
35001	150
35003	150
35005	150
35006	150
35007	300
35009	300
35011	300
35013	300
35015	220
35017	220
35019	220
35021	220
35023	220
35025	100
35027	120
35028	120
35029	120
35031	180
35033	210
35035	210
35037	210
35039	210
35041	300
35045	300
35047	300
35043	300
35049	210
35051	210
35053	210
35055	130
35057	130
35059	130
35061	130
32510	210
32001	210
32003	210
32005	210
32007	210
32009	150
32011	150
32013	110
32015	110
32017	110
32019	110
32021	110
32023	110
32027	200
32029	200
32031	200
32033	150
36001	150
36003	150
36005	150
36007	150
36009	300
36011	300
36013	300
36015	300
36017	220
36019	220
36021	220
36023	220
36025	220
36027	100
36029	120
36031	120
36033	120
36035	180
36037	210
36039	210
36041	210
36043	210
36045	300
36047	300
36049	300
36051	300
36053	210
36055	210
36057	210
36059	130
36061	130
36063	130
36065	130
36067	100
36069	100
36071	100
36073	100
36075	100
36077	100
36079	100
36081	210
36083	210
36085	210
36087	210
36089	210
36091	150
36093	150
36095	110
36097	110
36099	110
36101	110
36103	110
36105	110
36107	200
36109	200
36111	200
36113	150
36115	150
36117	150
36119	150
36121	150
36123	300
39001	300
39003	300
39005	300
39007	220
39009	220
39011	220
39013	220
39015	220
39017	100
39019	120
39021	120
39023	120
39025	180
39027	210
39029	210
39031	210
39033	210
39035	300
39037	300
39039	300
39041	300
39043	210
39045	210
39047	210
39049	130
39051	130
39053	130
39055	130
39057	210
39059	210
39061	210
39063	210
39065	210
39067	150
39069	150
39071	110
39073	110
39075	110
39077	110
39079	110
39081	110
39083	200
39085	200
39087	200
39089	150
39091	150
39093	150
39095	150
39097	150
39099	300
39101	300
39103	300
39105	300
39107	220
39109	220
39111	220
39113	220
39115	220
39117	100
39119	120
39121	120
39123	120
39125	180
39127	210
39129	210
39131	210
39133	210
39135	300
39137	300
39139	300
39141	300
39143	210
39145	210
39147	210
39149	130
39151	130
39153	130
39155	130
39157	210
39159	210
39161	210
39163	210
39165	210
39167	150
39169	150
39171	110
39173	110
39175	110
40001	110
40003	110
40005	110
40007	200
40009	200
40011	200
40013	150
40015	150
40017	150
40019	150
40021	150
40023	300
40025	300
40027	300
40029	300
40031	220
40033	220
40035	220
40037	220
40039	220
40041	100
40043	120
40045	120
40047	120
40049	180
40051	210
40053	210
40055	210
40057	210
40059	300
40061	300
40063	300
40065	300
40067	210
40069	210
40071	210
40073	120
40075	120
40077	120
40079	120
40081	120
40083	120
40085	120
40093	120
40095	120
40097	120
40087	120
40089	120
40091	120
40099	120
40101	120
40103	210
40105	225
40107	225
40109	225
40111	225
40113	225
40115	225
40117	225
40119	225
40121	225
40123	225
40125	225
40127	225
40129	225
40131	225
40133	225
40135	225
40137	225
40139	225
40141	225
40143	225
40145	225
40147	225
40149	225
40151	225
40153	225
41001	225
41003	225
41005	225
41007	225
41009	225
41011	225
41013	225
41015	225
41017	225
41019	225
41021	225
41023	225
41025	225
41027	225
41029	225
41031	225
41033	225
41035	225
41037	225
41039	225
41041	225
41043	225
41045	225
41047	225
41049	225
41051	225
41053	225
41055	225
41057	225
41059	225
41061	225
41063	225
41065	225
41067	225
41069	225
41071	225
42001	225
42003	225
42005	225
42007	225
42009	225
42011	225
42013	225
42015	225
42017	225
42019	225
42021	225
42023	225
42025	225
42027	225
42029	225
42031	225
42033	225
42035	225
42037	225
42039	225
42041	225
42043	225
42045	225
42047	225
42049	225
42051	225
42053	225
42055	225
42057	225
42059	225
42061	225
42063	225
42065	225
42067	225
42069	225
42071	225
42073	225
42075	225
42077	225
42079	225
42081	225
42083	225
42085	225
42087	225
42089	225
42091	225
42093	225
42095	225
42097	225
42099	225
42101	225
42103	225
42105	225
42107	225
42109	225
42111	225
42113	225
42115	225
42117	225
42119	225
42121	225
42123	225
42125	225
42127	225
42129	225
42131	225
42133	225
44001	225
44003	225
44005	225
44007	225
44009	225
45001	225
45003	225
45005	225
45007	225
45009	225
45011	225
45013	225
45015	225
45017	225
45019	225
45021	225
45023	225
45025	225
45027	225
45029	225
45031	225
45033	225
45035	225
45037	225
45039	225
45041	225
45043	225
45045	225
45047	225
45049	225
45051	225
45053	225
45055	225
45057	225
45059	225
45061	225
45063	225
45067	225
45069	225
45065	225
45071	225
45073	225
45075	225
45077	225
45079	225
45081	225
45083	225
45085	225
45087	225
45089	225
45091	210
46003	210
46005	210
46007	210
46009	210
46011	150
46013	150
46015	110
46017	110
46019	110
46021	110
46023	110
46025	110
46027	200
46029	200
46031	200
46033	150
46035	150
46037	150
46039	150
46041	150
46043	300
46045	300
46047	300
46049	300
46051	220
46053	220
46055	220
46057	220
46059	220
46061	100
46063	120
46065	120
46067	120
46069	180
46071	210
46073	210
46075	210
46077	210
46079	300
46081	300
46083	300
46085	300
46091	210
46087	210
46089	210
46093	130
46095	130
46097	130
46099	130
46101	210
46103	210
46105	210
46107	210
46109	210
46111	150
46113	150
46115	110
46117	110
46119	110
46121	110
46123	110
46125	110
46127	200
46129	200
46135	200
46137	150
47001	150
47003	150
47005	150
47007	150
47009	300
47011	300
47013	300
47015	300
47017	220
47019	220
47021	220
47023	220
47025	220
47027	100
47029	120
47031	120
47033	120
47035	180
47037	210
47041	210
47039	210
47043	210
47045	300
47047	300
47049	300
47051	300
47053	210
47055	210
47057	210
47059	130
47061	130
47063	130
47065	130
47067	210
47069	210
47071	210
47073	210
47075	210
47077	150
47079	150
47081	110
47083	110
47085	110
47087	110
47089	110
47091	110
47093	200
47095	200
47097	200
47099	150
47101	150
47103	150
47105	150
47111	150
47113	300
47115	300
47117	300
47119	300
47107	220
47109	220
47121	220
47123	220
47125	220
47127	100
47129	120
47131	120
47133	120
47135	180
47137	210
47139	210
47141	210
47143	210
47145	300
47147	300
47149	300
47151	300
47153	210
47155	210
47157	210
47159	130
47161	130
47163	130
47165	130
47167	100
47169	100
47171	100
47173	100
47175	100
47177	100
47179	100
47181	210
47183	210
47185	210
47187	210
47189	210
48001	150
48003	150
48005	110
48007	110
48009	110
48011	110
48013	110
48015	110
48017	200
48019	200
48021	200
48023	150
48025	150
48027	150
48029	150
48031	150
48033	300
48035	300
48037	300
48039	300
48041	220
48043	220
48045	220
48047	220
48049	220
48051	100
48053	120
48055	120
48057	120
48059	180
48061	210
48063	210
48065	210
48067	210
48069	300
48071	300
48073	300
48075	300
48077	210
48079	210
48081	210
48083	130
48085	130
48087	130
48089	130
48091	210
48093	210
48095	210
48097	210
48099	210
48101	150
48103	150
48105	110
48107	110
48109	110
48111	110
48113	110
48115	110
48123	200
48117	200
48119	200
48121	150
48125	150
48127	150
48129	150
48131	150
48133	300
48135	300
48137	300
48141	300
48139	220
48143	220
48145	220
48147	220
48149	220
48151	100
48153	120
48155	120
48157	120
48159	180
48161	210
48163	210
48165	210
48167	210
48169	300
48171	300
48173	300
48175	300
48177	210
48179	210
48181	210
48183	130
48185	130
48187	130
48189	130
48191	210
48193	210
48195	210
48197	210
48199	210
48201	150
48203	150
48205	110
48207	110
48209	110
48211	110
48213	110
48215	110
48217	200
48219	200
48221	200
48223	150
48225	150
48227	150
48229	150
48231	150
48233	300
48235	300
48237	300
48239	300
48241	220
48243	220
48245	220
48247	220
48249	220
48251	100
48253	120
48255	120
48257	120
48259	180
48261	210
48263	210
48265	210
48267	210
48269	300
48271	300
48273	300
48275	300
48283	210
48277	210
48279	210
48281	120
48285	120
48287	120
48289	120
48291	120
48293	120
48295	120
48297	120
48299	120
48301	120
48303	120
48305	120
48313	120
48315	120
48317	120
48319	210
48321	225
48323	225
48307	225
48309	225
48311	225
48325	210
48327	210
48329	210
48331	210
48333	210
48335	150
48337	150
48339	110
48341	110
48343	110
48345	110
48347	110
48349	110
48351	200
48353	200
48355	200
48357	150
48359	150
48361	150
48363	150
48365	150
48367	300
48369	300
48371	300
48373	300
48375	220
48377	220
48379	220
48381	220
48383	220
48385	100
48387	120
48389	120
48391	120
48393	180
48395	210
48397	210
48399	210
48401	210
48403	300
48405	300
48407	300
48409	300
48411	210
48413	210
48415	210
48417	130
48419	130
48421	130
48423	130
48425	210
48427	210
48429	210
48431	210
48433	210
48435	150
48437	150
48439	110
48441	110
48443	110
48445	110
48447	110
48449	110
48451	200
48453	200
48455	200
48457	150
48459	150
48461	150
48463	150
48465	150
48467	300
48469	300
48471	300
48473	300
48475	220
48477	220
48479	220
48481	220
48483	220
48485	100
48487	120
48489	120
48491	120
48493	180
48495	210
48497	210
48499	210
48501	210
48503	300
48505	300
48507	300
49001	300
49003	210
49005	210
49007	210
49009	130
49011	130
49013	130
49015	130
49017	210
49019	210
49021	210
49023	210
49025	210
49027	150
49029	150
49031	110
49033	110
49035	110
49037	110
49039	110
49041	110
49043	200
49045	200
49047	200
49049	150
49051	150
49053	150
49055	150
49057	150
51001	300
51003	300
51510	300
51005	300
51007	220
51009	220
51011	220
51013	220
51015	220
51017	100
51019	120
51021	120
51023	120
51520	180
51025	210
51027	210
51029	210
51530	210
51031	300
51033	300
51035	300
51036	300
51037	210
51540	210
51550	210
51041	130
51043	130
51570	130
51580	130
51045	100
51047	100
51049	100
51590	100
51051	100
51053	100
51595	100
51057	210
51600	210
51059	210
51610	210
51061	210
51063	150
51065	150
51620	110
51067	110
51069	110
51630	110
51640	110
51071	110
51073	200
51075	200
51077	200
51079	150
51081	150
51083	150
51650	150
51085	150
51660	300
51087	300
51089	300
51091	300
51670	220
51093	220
51095	220
51099	220
51101	220
51097	100
51103	120
51105	120
51678	120
51107	180
51109	210
51111	210
51680	210
51113	210
51683	300
51685	300
51690	300
51115	300
51117	210
51119	210
51121	210
51125	130
51127	130
51700	130
51710	130
51131	210
51133	210
51720	210
51135	210
51137	210
51139	150
51141	150
51730	110
51143	110
51735	110
51740	110
51145	110
51147	110
51149	200
51153	200
51155	200
51750	150
51157	150
51760	150
51159	150
51770	150
51161	300
51163	300
51165	300
51167	300
51775	220
51169	220
51171	220
51173	220
51175	220
51177	100
51179	120
51790	120
51800	120
51181	180
51183	210
51185	210
51810	210
51187	210
51191	300
51820	300
51193	300
51830	300
51840	210
51195	210
51197	210
51199	130
50001	130
50003	130
50005	130
50007	210
50009	210
50011	210
50013	210
50015	210
50017	150
50019	150
50021	110
50023	110
50025	110
50027	110
53001	110
53003	110
53005	200
53007	200
53009	200
53011	150
53013	150
53015	150
53017	150
53019	150
53021	300
53023	300
53025	300
53027	300
53029	220
53031	220
53033	220
53035	220
53037	220
53039	100
53041	120
53043	120
53045	120
53047	180
53049	210
53051	210
53053	210
53055	210
53057	300
53059	300
53061	300
53063	300
53065	210
53067	210
53069	210
53071	120
53073	120
53075	120
53077	120
55001	120
55003	120
55005	120
55007	120
55009	120
55011	120
55013	120
55015	120
55017	120
55019	120
55021	120
55023	210
55025	225
55027	225
55029	225
55031	225
55033	225
55035	225
55037	225
55039	225
55041	225
55043	225
55045	225
55047	225
55049	225
55051	225
55053	225
55055	225
55057	225
55059	225
55061	225
55063	225
55065	225
55067	225
55069	225
55071	225
55073	225
55075	225
55077	225
55078	225
55079	225
55081	225
55083	225
55085	225
55087	225
55089	225
55091	225
55093	225
55095	225
55097	225
55099	225
55101	225
55103	225
55105	225
55107	225
55109	225
55111	225
55113	225
55115	225
55117	225
55119	225
55121	225
55123	225
55125	225
55127	225
55129	225
55131	225
55133	225
55135	225
55137	225
55139	225
55141	225
54001	225
54003	225
54005	225
54007	225
54009	225
54011	225
54013	225
54015	225
54017	225
54019	225
54021	225
54023	225
54025	225
54027	225
54029	225
54031	225
54033	225
54035	225
54037	225
54039	225
54041	225
54043	225
54045	225
54049	225
54051	225
54053	225
54047	225
54055	225
54057	225
54059	225
54061	225
54063	225
54065	225
54067	225
54069	225
54071	225
54073	225
54075	225
54077	225
54079	225
54081	225
54083	225
54085	225
54087	225
54089	225
54091	225
54093	225
54095	225
54097	225
54099	225
54101	100
54103	100
54105	100
54107	100
54109	100
56001	100
56003	100
56005	100
56007	100
56009	100
56011	100
56013	100
56015	100
56017	100
56019	100
56021	100
56023	100
56025	100
56027	225
56029	225
56031	225
56033	350
56035	100
56037	100
56039	100
56041	100
56043	225
56045	225
