FIPS_Code	State_Abbrv	Rate
01001	AL	150
01003	AL	150
01005	AL	150
01007	AL	153
01009	AL	153
01011	AL	150
01013	AL	150
01015	AL	153
01017	AL	150
01019	AL	157
01021	AL	153
01023	AL	150
01025	AL	150
01027	AL	153
01029	AL	153
01031	AL	150
01033	AL	157
01035	AL	150
01037	AL	150
01039	AL	150
01041	AL	150
01043	AL	157
01045	AL	150
01047	AL	150
01049	AL	157
01051	AL	150
01053	AL	150
01055	AL	157
01057	AL	153
01059	AL	157
01061	AL	150
01063	AL	153
01065	AL	153
01067	AL	150
01069	AL	150
01071	AL	157
01073	AL	153
01075	AL	153
01077	AL	157
01079	AL	157
01081	AL	150
01083	AL	157
01085	AL	150
01087	AL	150
01089	AL	157
01091	AL	150
01093	AL	153
01095	AL	157
01097	AL	150
01099	AL	150
01101	AL	150
01103	AL	157
01105	AL	153
01107	AL	153
01109	AL	150
01111	AL	150
01113	AL	150
01115	AL	153
01117	AL	153
01119	AL	153
01121	AL	153
01123	AL	150
01125	AL	153
01127	AL	153
01129	AL	150
01131	AL	150
01133	AL	153
02013	AK	287
02016	AK	287
02020	AK	287
02050	AK	287
02060	AK	287
02068	AK	287
02070	AK	287
02090	AK	287
02100	AK	287
02105	AK	287
02110	AK	287
02122	AK	287
02130	AK	287
02150	AK	287
02158	AK	287
02164	AK	287
02170	AK	287
02180	AK	287
02185	AK	287
02188	AK	287
02195	AK	287
02198	AK	287
02220	AK	287
02230	AK	287
02240	AK	287
02261	AK	287
02275	AK	287
02282	AK	287
02290	AK	287
04001	AZ	174
04003	AZ	172
04005	AZ	174
04007	AZ	174
04009	AZ	172
04011	AZ	172
04012	AZ	174
04013	AZ	174
04015	AZ	174
04017	AZ	174
04019	AZ	172
04021	AZ	174
04023	AZ	172
04025	AZ	174
04027	AZ	174
05001	AR	152
05003	AR	152
05005	AR	156
05007	AR	156
05009	AR	156
05011	AR	152
05013	AR	152
05015	AR	156
05017	AR	152
05019	AR	152
05021	AR	152
05023	AR	152
05025	AR	152
05027	AR	152
05029	AR	152
05031	AR	152
05033	AR	166
05035	AR	152
05037	AR	152
05039	AR	152
05041	AR	152
05043	AR	152
05045	AR	152
05047	AR	166
05049	AR	152
05051	AR	152
05053	AR	152
05055	AR	152
05057	AR	152
05059	AR	152
05061	AR	152
05063	AR	152
05065	AR	152
05067	AR	152
05069	AR	152
05071	AR	166
05073	AR	152
05075	AR	152
05077	AR	152
05079	AR	152
05081	AR	152
05083	AR	166
05085	AR	152
05087	AR	166
05089	AR	156
05091	AR	152
05093	AR	152
05095	AR	152
05097	AR	152
05099	AR	152
05101	AR	166
05103	AR	152
05105	AR	152
05107	AR	152
05109	AR	152
05111	AR	152
05113	AR	152
05115	AR	152
05117	AR	152
05119	AR	152
05121	AR	152
05123	AR	152
05125	AR	152
05127	AR	166
05129	AR	152
05131	AR	166
05133	AR	152
05135	AR	152
05137	AR	152
05139	AR	152
05141	AR	152
05143	AR	166
05145	AR	152
05147	AR	152
05149	AR	152
06001	CA	238
06003	CA	184
06005	CA	184
06007	CA	182
06009	CA	184
06011	CA	217
06013	CA	238
06015	CA	182
06017	CA	217
06019	CA	192
06021	CA	182
06023	CA	182
06025	CA	207
06027	CA	192
06029	CA	195
06031	CA	192
06033	CA	217
06035	CA	182
06037	CA	203
06039	CA	192
06041	CA	238
06043	CA	192
06045	CA	182
06047	CA	189
06049	CA	182
06051	CA	192
06053	CA	213
06055	CA	238
06057	CA	182
06059	CA	203
06061	CA	217
06063	CA	182
06065	CA	203
06067	CA	217
06069	CA	213
06071	CA	203
06073	CA	207
06075	CA	238
06077	CA	184
06079	CA	204
06081	CA	238
06083	CA	209
06085	CA	238
06087	CA	238
06089	CA	182
06091	CA	182
06093	CA	182
06095	CA	238
06097	CA	238
06099	CA	189
06101	CA	217
06103	CA	182
06105	CA	182
06107	CA	192
06109	CA	189
06111	CA	209
06113	CA	217
06115	CA	217
08001	CO	220
08003	CO	185
08005	CO	220
08007	CO	185
08009	CO	185
08011	CO	185
08013	CO	220
08014	CO	220
08015	CO	185
08017	CO	185
08019	CO	220
08021	CO	185
08023	CO	185
08025	CO	185
08027	CO	185
08029	CO	220
08031	CO	220
08033	CO	185
08035	CO	220
08037	CO	220
08039	CO	220
08041	CO	185
08043	CO	185
08045	CO	220
08047	CO	220
08049	CO	220
08051	CO	185
08053	CO	185
08055	CO	185
08057	CO	201
08059	CO	220
08061	CO	185
08063	CO	185
08065	CO	220
08067	CO	185
08069	CO	201
08071	CO	185
08073	CO	185
08075	CO	220
08077	CO	220
08079	CO	185
08081	CO	220
08083	CO	185
08085	CO	185
08087	CO	220
08089	CO	185
08091	CO	185
08093	CO	220
08095	CO	220
08097	CO	220
08099	CO	185
08101	CO	185
08103	CO	220
08105	CO	185
08107	CO	220
08109	CO	185
08111	CO	185
08113	CO	185
08115	CO	220
08117	CO	220
08119	CO	185
08121	CO	220
08123	CO	220
08125	CO	220
09001	CT	264
09003	CT	264
09005	CT	264
09007	CT	264
09009	CT	264
09011	CT	264
09013	CT	264
09015	CT	264
10001	DE	227
10003	DE	227
10005	DE	227
11001	DC	220
12001	FL	183
12003	FL	197
12005	FL	183
12007	FL	197
12009	FL	190
12011	FL	178
12013	FL	183
12015	FL	181
12017	FL	183
12019	FL	197
12021	FL	201
12023	FL	197
12027	FL	181
12029	FL	183
12031	FL	197
12033	FL	183
12035	FL	184
12037	FL	183
12039	FL	197
12041	FL	183
12043	FL	192
12045	FL	183
12047	FL	197
12049	FL	172
12051	FL	192
12053	FL	186
12055	FL	172
12057	FL	186
12059	FL	197
12061	FL	169
12063	FL	197
12065	FL	197
12067	FL	183
12069	FL	184
12071	FL	192
12073	FL	197
12075	FL	183
12077	FL	183
12079	FL	197
12081	FL	198
12083	FL	183
12085	FL	169
12086	FL	178
12087	FL	178
12089	FL	197
12091	FL	183
12093	FL	169
12095	FL	184
12097	FL	184
12099	FL	208
12101	FL	186
12103	FL	186
12105	FL	172
12107	FL	183
12109	FL	197
12111	FL	169
12113	FL	183
12115	FL	198
12117	FL	184
12119	FL	183
12121	FL	197
12123	FL	183
12125	FL	197
12127	FL	184
12129	FL	183
12131	FL	183
12133	FL	183
13001	GA	154
13003	GA	144
13005	GA	154
13007	GA	144
13009	GA	144
13011	GA	172
13013	GA	172
13015	GA	172
13017	GA	144
13019	GA	144
13021	GA	144
13023	GA	144
13025	GA	154
13027	GA	144
13029	GA	154
13031	GA	154
13033	GA	162
13035	GA	144
13037	GA	144
13039	GA	154
13043	GA	154
13045	GA	172
13047	GA	172
13049	GA	154
13051	GA	154
13053	GA	144
13055	GA	172
13057	GA	172
13059	GA	172
13061	GA	144
13063	GA	172
13065	GA	154
13067	GA	172
13069	GA	144
13071	GA	144
13073	GA	162
13075	GA	144
13077	GA	172
13079	GA	144
13081	GA	144
13083	GA	172
13085	GA	172
13087	GA	144
13089	GA	172
13091	GA	144
13093	GA	144
13095	GA	144
13097	GA	172
13099	GA	144
13101	GA	154
13103	GA	154
13105	GA	162
13107	GA	162
13109	GA	154
13111	GA	172
13113	GA	172
13115	GA	172
13117	GA	172
13119	GA	172
13121	GA	172
13123	GA	172
13125	GA	162
13127	GA	154
13129	GA	172
13131	GA	144
13133	GA	172
13135	GA	172
13137	GA	172
13139	GA	172
13141	GA	144
13143	GA	172
13145	GA	144
13147	GA	172
13149	GA	172
13151	GA	172
13153	GA	144
13155	GA	144
13157	GA	172
13159	GA	144
13161	GA	154
13163	GA	162
13165	GA	162
13167	GA	144
13169	GA	144
13171	GA	144
13173	GA	144
13175	GA	144
13177	GA	144
13179	GA	154
13181	GA	162
13183	GA	154
13185	GA	144
13187	GA	172
13189	GA	162
13191	GA	154
13193	GA	144
13195	GA	172
13197	GA	144
13199	GA	144
13201	GA	144
13205	GA	144
13207	GA	144
13209	GA	144
13211	GA	172
13213	GA	172
13215	GA	144
13217	GA	172
13219	GA	172
13221	GA	172
13223	GA	172
13225	GA	144
13227	GA	172
13229	GA	154
13231	GA	144
13233	GA	172
13235	GA	144
13237	GA	144
13239	GA	144
13241	GA	172
13243	GA	144
13245	GA	162
13247	GA	172
13249	GA	144
13251	GA	162
13253	GA	144
13255	GA	172
13257	GA	172
13259	GA	144
13261	GA	144
13263	GA	144
13265	GA	162
13267	GA	154
13269	GA	144
13271	GA	144
13273	GA	144
13275	GA	144
13277	GA	144
13279	GA	154
13281	GA	172
13283	GA	144
13285	GA	144
13287	GA	144
13289	GA	144
13291	GA	172
13293	GA	144
13295	GA	172
13297	GA	172
13299	GA	154
13301	GA	162
13303	GA	162
13305	GA	154
13307	GA	144
13309	GA	144
13311	GA	172
13313	GA	172
13315	GA	144
13317	GA	162
13319	GA	144
13321	GA	144
15001	HI	240
15003	HI	240
15005	HI	240
15007	HI	240
15009	HI	240
16001	ID	173
16003	ID	173
16005	ID	173
16007	ID	173
16009	ID	173
16011	ID	173
16013	ID	173
16015	ID	173
16017	ID	173
16019	ID	173
16021	ID	173
16023	ID	173
16025	ID	173
16027	ID	173
16029	ID	173
16031	ID	173
16033	ID	173
16035	ID	173
16037	ID	173
16039	ID	173
16041	ID	173
16043	ID	173
16045	ID	173
16047	ID	173
16049	ID	173
16051	ID	173
16053	ID	173
16055	ID	173
16057	ID	173
16059	ID	173
16061	ID	173
16063	ID	173
16065	ID	173
16067	ID	173
16069	ID	173
16071	ID	173
16073	ID	173
16075	ID	173
16077	ID	173
16079	ID	173
16081	ID	173
16083	ID	173
16085	ID	173
16087	ID	173
17001	IL	159
17003	IL	159
17005	IL	159
17007	IL	166
17009	IL	159
17011	IL	165
17013	IL	159
17015	IL	166
17017	IL	159
17019	IL	174
17021	IL	159
17023	IL	174
17025	IL	159
17027	IL	159
17029	IL	174
17031	IL	206
17033	IL	174
17035	IL	174
17037	IL	166
17039	IL	174
17041	IL	174
17043	IL	206
17045	IL	174
17047	IL	174
17049	IL	159
17051	IL	159
17053	IL	174
17055	IL	159
17057	IL	165
17059	IL	159
17061	IL	159
17063	IL	206
17065	IL	159
17067	IL	165
17069	IL	159
17071	IL	158
17073	IL	158
17075	IL	174
17077	IL	159
17079	IL	174
17081	IL	159
17083	IL	159
17085	IL	166
17087	IL	159
17089	IL	206
17091	IL	206
17093	IL	206
17095	IL	165
17097	IL	206
17099	IL	165
17101	IL	174
17103	IL	166
17105	IL	174
17107	IL	159
17109	IL	165
17111	IL	166
17113	IL	165
17115	IL	159
17117	IL	159
17119	IL	159
17121	IL	159
17123	IL	165
17125	IL	165
17127	IL	159
17129	IL	159
17131	IL	158
17133	IL	159
17135	IL	159
17137	IL	159
17139	IL	174
17141	IL	166
17143	IL	165
17145	IL	159
17147	IL	174
17149	IL	159
17151	IL	159
17153	IL	159
17155	IL	165
17157	IL	159
17159	IL	174
17161	IL	158
17163	IL	159
17165	IL	159
17167	IL	159
17169	IL	165
17171	IL	159
17173	IL	159
17175	IL	165
17177	IL	166
17179	IL	165
17181	IL	159
17183	IL	174
17185	IL	174
17187	IL	158
17189	IL	159
17191	IL	159
17193	IL	174
17195	IL	158
17197	IL	206
17199	IL	159
17201	IL	166
17203	IL	165
18001	IN	167
18003	IN	167
18005	IN	174
18007	IN	173
18009	IN	167
18011	IN	174
18013	IN	174
18015	IN	173
18017	IN	173
18019	IN	174
18021	IN	174
18023	IN	173
18025	IN	167
18027	IN	167
18029	IN	174
18031	IN	174
18033	IN	167
18035	IN	174
18037	IN	167
18039	IN	177
18041	IN	174
18043	IN	167
18045	IN	173
18047	IN	174
18049	IN	177
18051	IN	167
18053	IN	167
18055	IN	174
18057	IN	174
18059	IN	174
18061	IN	167
18063	IN	174
18065	IN	174
18067	IN	173
18069	IN	167
18071	IN	174
18073	IN	206
18075	IN	167
18077	IN	174
18079	IN	174
18081	IN	174
18083	IN	167
18085	IN	177
18087	IN	167
18089	IN	206
18091	IN	177
18093	IN	174
18095	IN	174
18097	IN	174
18099	IN	177
18101	IN	167
18103	IN	173
18105	IN	174
18107	IN	173
18109	IN	174
18111	IN	206
18113	IN	167
18115	IN	174
18117	IN	167
18119	IN	174
18121	IN	173
18123	IN	167
18125	IN	167
18127	IN	206
18129	IN	167
18131	IN	177
18133	IN	174
18135	IN	167
18137	IN	174
18139	IN	174
18141	IN	177
18143	IN	174
18145	IN	174
18147	IN	167
18149	IN	177
18151	IN	167
18153	IN	167
18155	IN	174
18157	IN	173
18159	IN	174
18161	IN	174
18163	IN	167
18165	IN	173
18167	IN	174
18169	IN	167
18171	IN	173
18173	IN	167
18175	IN	174
18177	IN	174
18179	IN	167
18181	IN	173
18183	IN	167
19001	IA	189
19003	IA	189
19005	IA	167
19007	IA	189
19009	IA	189
19011	IA	167
19013	IA	167
19015	IA	189
19017	IA	167
19019	IA	167
19021	IA	189
19023	IA	167
19025	IA	189
19027	IA	189
19029	IA	189
19031	IA	158
19033	IA	189
19035	IA	189
19037	IA	167
19039	IA	189
19041	IA	189
19043	IA	167
19045	IA	158
19047	IA	189
19049	IA	189
19051	IA	189
19053	IA	189
19055	IA	167
19057	IA	158
19059	IA	189
19061	IA	167
19063	IA	189
19065	IA	167
19067	IA	167
19069	IA	189
19071	IA	189
19073	IA	189
19075	IA	167
19077	IA	189
19079	IA	189
19081	IA	189
19083	IA	189
19085	IA	189
19087	IA	158
19089	IA	167
19091	IA	189
19093	IA	189
19095	IA	167
19097	IA	158
19099	IA	189
19101	IA	167
19103	IA	167
19105	IA	167
19107	IA	167
19109	IA	189
19111	IA	158
19113	IA	167
19115	IA	158
19117	IA	189
19119	IA	189
19121	IA	189
19123	IA	189
19125	IA	189
19127	IA	189
19129	IA	189
19131	IA	167
19133	IA	189
19135	IA	189
19137	IA	189
19139	IA	158
19141	IA	189
19143	IA	189
19145	IA	189
19147	IA	189
19149	IA	189
19151	IA	189
19153	IA	189
19155	IA	189
19157	IA	189
19159	IA	189
19161	IA	189
19163	IA	158
19165	IA	189
19167	IA	189
19169	IA	189
19171	IA	167
19173	IA	189
19175	IA	189
19177	IA	158
19179	IA	189
19181	IA	189
19183	IA	167
19185	IA	189
19187	IA	189
19189	IA	189
19191	IA	167
19193	IA	189
19195	IA	189
19197	IA	189
20001	KS	181
20003	KS	181
20005	KS	175
20007	KS	161
20009	KS	161
20011	KS	175
20013	KS	181
20015	KS	161
20017	KS	161
20019	KS	161
20021	KS	175
20023	KS	161
20025	KS	161
20027	KS	181
20029	KS	181
20031	KS	181
20033	KS	161
20035	KS	161
20037	KS	175
20039	KS	161
20041	KS	181
20043	KS	175
20045	KS	181
20047	KS	161
20049	KS	161
20051	KS	161
20053	KS	161
20055	KS	161
20057	KS	161
20059	KS	181
20061	KS	181
20063	KS	161
20065	KS	161
20067	KS	161
20069	KS	161
20071	KS	161
20073	KS	161
20075	KS	161
20077	KS	161
20079	KS	161
20081	KS	161
20083	KS	161
20085	KS	181
20087	KS	181
20089	KS	181
20091	KS	175
20093	KS	161
20095	KS	161
20097	KS	161
20099	KS	161
20101	KS	161
20103	KS	175
20105	KS	161
20107	KS	175
20109	KS	161
20111	KS	181
20113	KS	161
20115	KS	161
20117	KS	181
20119	KS	161
20121	KS	175
20123	KS	161
20125	KS	161
20127	KS	181
20129	KS	161
20131	KS	181
20133	KS	181
20135	KS	161
20137	KS	161
20139	KS	181
20141	KS	161
20143	KS	161
20145	KS	161
20147	KS	161
20149	KS	181
20151	KS	161
20153	KS	161
20155	KS	161
20157	KS	181
20159	KS	161
20161	KS	181
20163	KS	161
20165	KS	161
20167	KS	161
20169	KS	161
20171	KS	161
20173	KS	161
20175	KS	161
20177	KS	181
20179	KS	161
20181	KS	161
20183	KS	161
20185	KS	161
20187	KS	161
20189	KS	161
20191	KS	161
20193	KS	161
20195	KS	161
20197	KS	181
20199	KS	161
20201	KS	181
20203	KS	161
20205	KS	161
20207	KS	181
20209	KS	175
21001	KY	163
21003	KY	181
21005	KY	163
21007	KY	167
21009	KY	181
21011	KY	163
21013	KY	163
21015	KY	163
21017	KY	163
21019	KY	163
21021	KY	163
21023	KY	163
21025	KY	163
21027	KY	181
21029	KY	181
21031	KY	167
21033	KY	167
21035	KY	167
21037	KY	163
21039	KY	167
21041	KY	181
21043	KY	163
21045	KY	163
21047	KY	167
21049	KY	163
21051	KY	163
21053	KY	163
21055	KY	167
21057	KY	181
21059	KY	167
21061	KY	181
21063	KY	163
21065	KY	163
21067	KY	163
21069	KY	163
21071	KY	163
21073	KY	163
21075	KY	167
21077	KY	163
21079	KY	163
21081	KY	163
21083	KY	167
21085	KY	181
21087	KY	181
21089	KY	163
21091	KY	167
21093	KY	181
21095	KY	163
21097	KY	163
21099	KY	181
21101	KY	167
21103	KY	181
21105	KY	167
21107	KY	167
21109	KY	163
21111	KY	181
21113	KY	163
21115	KY	163
21117	KY	163
21119	KY	163
21121	KY	163
21123	KY	181
21125	KY	163
21127	KY	163
21129	KY	163
21131	KY	163
21133	KY	163
21135	KY	163
21137	KY	163
21139	KY	167
21141	KY	167
21143	KY	167
21145	KY	167
21147	KY	163
21149	KY	167
21151	KY	163
21153	KY	163
21155	KY	181
21157	KY	167
21159	KY	163
21161	KY	163
21163	KY	181
21165	KY	163
21167	KY	163
21169	KY	181
21171	KY	181
21173	KY	163
21175	KY	163
21177	KY	167
21179	KY	181
21181	KY	163
21183	KY	167
21185	KY	181
21187	KY	163
21189	KY	163
21191	KY	163
21193	KY	163
21195	KY	163
21197	KY	163
21199	KY	163
21201	KY	163
21203	KY	163
21205	KY	163
21207	KY	163
21209	KY	163
21211	KY	181
21213	KY	167
21215	KY	181
21217	KY	181
21219	KY	167
21221	KY	167
21223	KY	181
21225	KY	167
21227	KY	167
21229	KY	181
21231	KY	163
21233	KY	167
21235	KY	163
21237	KY	163
21239	KY	163
22001	LA	127
22003	LA	127
22005	LA	139
22007	LA	139
22009	LA	127
22011	LA	127
22013	LA	128
22015	LA	128
22017	LA	128
22019	LA	127
22021	LA	128
22023	LA	127
22025	LA	139
22027	LA	128
22029	LA	139
22031	LA	128
22033	LA	139
22035	LA	128
22037	LA	139
22039	LA	127
22041	LA	128
22043	LA	128
22045	LA	127
22047	LA	139
22049	LA	128
22051	LA	151
22053	LA	127
22055	LA	127
22057	LA	151
22059	LA	127
22061	LA	128
22063	LA	139
22065	LA	139
22067	LA	128
22069	LA	128
22071	LA	151
22073	LA	128
22075	LA	151
22077	LA	139
22079	LA	127
22081	LA	128
22083	LA	128
22085	LA	128
22087	LA	151
22089	LA	151
22091	LA	139
22093	LA	139
22095	LA	151
22097	LA	127
22099	LA	127
22101	LA	127
22103	LA	151
22105	LA	139
22107	LA	139
22109	LA	151
22111	LA	128
22113	LA	127
22115	LA	127
22117	LA	151
22119	LA	128
22121	LA	139
22123	LA	128
22125	LA	139
22127	LA	128
23001	ME	244
23003	ME	244
23005	ME	244
23007	ME	244
23009	ME	244
23011	ME	244
23013	ME	244
23015	ME	244
23017	ME	244
23019	ME	244
23021	ME	244
23023	ME	244
23025	ME	244
23027	ME	244
23029	ME	244
23031	ME	244
24001	MD	220
24003	MD	220
24005	MD	220
24009	MD	220
24011	MD	220
24013	MD	220
24015	MD	220
24017	MD	220
24019	MD	220
24021	MD	220
24023	MD	220
24025	MD	220
24027	MD	220
24029	MD	220
24031	MD	220
24033	MD	220
24035	MD	220
24037	MD	220
24039	MD	220
24041	MD	220
24043	MD	220
24045	MD	220
24047	MD	220
24510	MD	220
25001	MA	210
25003	MA	231
25005	MA	210
25007	MA	210
25009	MA	264
25011	MA	231
25013	MA	231
25015	MA	231
25017	MA	264
25019	MA	210
25021	MA	264
25023	MA	264
25025	MA	264
25027	MA	264
26001	MI	180
26003	MI	201
26005	MI	201
26007	MI	180
26009	MI	180
26011	MI	180
26013	MI	201
26015	MI	194
26017	MI	180
26019	MI	201
26021	MI	194
26023	MI	194
26025	MI	194
26027	MI	194
26029	MI	180
26031	MI	180
26033	MI	180
26035	MI	180
26037	MI	194
26039	MI	180
26041	MI	201
26043	MI	201
26045	MI	194
26047	MI	180
26049	MI	208
26051	MI	180
26053	MI	201
26055	MI	180
26057	MI	180
26059	MI	194
26061	MI	201
26063	MI	180
26065	MI	194
26067	MI	201
26069	MI	180
26071	MI	201
26073	MI	180
26075	MI	208
26077	MI	194
26079	MI	180
26081	MI	201
26083	MI	201
26085	MI	201
26087	MI	208
26089	MI	180
26091	MI	208
26093	MI	208
26095	MI	180
26097	MI	180
26099	MI	208
26101	MI	201
26103	MI	201
26105	MI	201
26107	MI	201
26109	MI	201
26111	MI	180
26113	MI	180
26115	MI	208
26117	MI	201
26119	MI	180
26121	MI	201
26123	MI	201
26125	MI	208
26127	MI	201
26129	MI	180
26131	MI	201
26133	MI	180
26135	MI	180
26137	MI	180
26139	MI	201
26141	MI	180
26143	MI	180
26145	MI	180
26147	MI	208
26149	MI	194
26151	MI	208
26153	MI	180
26155	MI	208
26157	MI	180
26159	MI	194
26161	MI	208
26163	MI	208
26165	MI	180
27001	MN	184
27003	MN	225
27005	MN	208
27007	MN	208
27009	MN	225
27011	MN	208
27013	MN	225
27015	MN	225
27017	MN	184
27019	MN	225
27021	MN	184
27023	MN	225
27025	MN	225
27027	MN	208
27029	MN	208
27031	MN	184
27033	MN	225
27035	MN	184
27037	MN	225
27039	MN	225
27041	MN	208
27043	MN	225
27045	MN	225
27047	MN	225
27049	MN	225
27051	MN	208
27053	MN	225
27055	MN	225
27057	MN	208
27059	MN	225
27061	MN	184
27063	MN	225
27065	MN	225
27067	MN	225
27069	MN	208
27071	MN	184
27073	MN	208
27075	MN	184
27077	MN	208
27079	MN	225
27081	MN	225
27083	MN	225
27085	MN	225
27087	MN	208
27089	MN	208
27091	MN	225
27093	MN	225
27095	MN	225
27097	MN	225
27099	MN	225
27101	MN	225
27103	MN	225
27105	MN	225
27107	MN	208
27109	MN	225
27111	MN	208
27113	MN	208
27115	MN	184
27117	MN	225
27119	MN	208
27121	MN	208
27123	MN	225
27125	MN	208
27127	MN	225
27129	MN	225
27131	MN	225
27133	MN	225
27135	MN	208
27137	MN	184
27139	MN	225
27141	MN	225
27143	MN	225
27145	MN	225
27147	MN	225
27149	MN	208
27151	MN	225
27153	MN	208
27155	MN	208
27157	MN	225
27159	MN	208
27161	MN	225
27163	MN	225
27165	MN	225
27167	MN	208
27169	MN	225
27171	MN	225
27173	MN	225
28001	MS	144
28003	MS	144
28005	MS	144
28007	MS	144
28009	MS	144
28011	MS	144
28013	MS	144
28015	MS	144
28017	MS	144
28019	MS	144
28021	MS	144
28023	MS	144
28025	MS	144
28027	MS	144
28029	MS	144
28031	MS	144
28033	MS	144
28035	MS	158
28037	MS	144
28039	MS	158
28041	MS	158
28043	MS	144
28045	MS	158
28047	MS	158
28049	MS	144
28051	MS	144
28053	MS	144
28055	MS	144
28057	MS	144
28059	MS	158
28061	MS	144
28063	MS	144
28065	MS	144
28067	MS	144
28069	MS	144
28071	MS	144
28073	MS	158
28075	MS	144
28077	MS	144
28079	MS	144
28081	MS	144
28083	MS	144
28085	MS	144
28087	MS	144
28089	MS	144
28091	MS	158
28093	MS	144
28095	MS	144
28097	MS	144
28099	MS	144
28101	MS	144
28103	MS	144
28105	MS	144
28107	MS	144
28109	MS	158
28111	MS	158
28113	MS	144
28115	MS	144
28117	MS	144
28119	MS	144
28121	MS	144
28123	MS	144
28125	MS	144
28127	MS	144
28129	MS	144
28131	MS	158
28133	MS	144
28135	MS	144
28137	MS	144
28139	MS	144
28141	MS	144
28143	MS	144
28145	MS	144
28147	MS	144
28149	MS	144
28151	MS	144
28153	MS	158
28155	MS	144
28157	MS	144
28159	MS	144
28161	MS	144
28163	MS	144
29001	MO	175
29003	MO	175
29005	MO	175
29007	MO	161
29009	MO	150
29011	MO	150
29013	MO	175
29015	MO	150
29017	MO	161
29019	MO	161
29021	MO	175
29023	MO	161
29025	MO	175
29027	MO	161
29029	MO	150
29031	MO	161
29033	MO	175
29035	MO	161
29037	MO	175
29039	MO	150
29041	MO	175
29043	MO	150
29045	MO	161
29047	MO	175
29049	MO	175
29051	MO	161
29053	MO	175
29055	MO	161
29057	MO	150
29059	MO	150
29061	MO	175
29063	MO	175
29065	MO	161
29067	MO	150
29069	MO	161
29071	MO	161
29073	MO	161
29075	MO	175
29077	MO	150
29079	MO	175
29081	MO	175
29083	MO	175
29085	MO	150
29087	MO	175
29089	MO	175
29091	MO	150
29093	MO	161
29095	MO	175
29097	MO	150
29099	MO	161
29101	MO	175
29103	MO	161
29105	MO	150
29107	MO	175
29109	MO	150
29111	MO	161
29113	MO	161
29115	MO	175
29117	MO	175
29119	MO	150
29121	MO	175
29123	MO	161
29125	MO	161
29127	MO	161
29129	MO	175
29131	MO	150
29133	MO	161
29135	MO	150
29137	MO	161
29139	MO	161
29141	MO	150
29143	MO	161
29145	MO	150
29147	MO	175
29149	MO	150
29151	MO	161
29153	MO	150
29155	MO	161
29157	MO	161
29159	MO	175
29161	MO	161
29163	MO	161
29165	MO	175
29167	MO	150
29169	MO	150
29171	MO	175
29173	MO	161
29175	MO	175
29177	MO	175
29179	MO	161
29181	MO	161
29183	MO	161
29185	MO	150
29186	MO	161
29187	MO	161
29189	MO	161
29195	MO	175
29197	MO	175
29199	MO	175
29201	MO	161
29203	MO	150
29205	MO	161
29207	MO	161
29209	MO	150
29211	MO	175
29213	MO	150
29215	MO	150
29217	MO	150
29219	MO	161
29221	MO	161
29223	MO	161
29225	MO	150
29227	MO	175
29229	MO	150
29510	MO	161
30001	MT	190
30003	MT	193
30005	MT	193
30007	MT	190
30009	MT	193
30011	MT	193
30013	MT	190
30015	MT	193
30017	MT	193
30019	MT	193
30021	MT	193
30023	MT	190
30025	MT	193
30027	MT	193
30029	MT	190
30031	MT	193
30033	MT	193
30035	MT	190
30037	MT	193
30039	MT	190
30041	MT	193
30043	MT	190
30045	MT	193
30047	MT	190
30049	MT	190
30051	MT	190
30053	MT	190
30055	MT	193
30057	MT	190
30059	MT	193
30061	MT	190
30063	MT	190
30065	MT	193
30067	MT	193
30069	MT	193
30071	MT	193
30073	MT	190
30075	MT	193
30077	MT	190
30079	MT	193
30081	MT	190
30083	MT	193
30085	MT	193
30087	MT	193
30089	MT	190
30091	MT	193
30093	MT	190
30095	MT	193
30097	MT	193
30099	MT	190
30101	MT	190
30103	MT	193
30105	MT	193
30107	MT	193
30109	MT	193
30111	MT	193
31001	NE	196
31003	NE	196
31005	NE	196
31007	NE	179
31009	NE	179
31011	NE	196
31013	NE	196
31015	NE	196
31017	NE	196
31019	NE	196
31021	NE	179
31023	NE	196
31025	NE	179
31027	NE	179
31029	NE	196
31031	NE	196
31033	NE	196
31035	NE	196
31037	NE	196
31039	NE	179
31041	NE	196
31043	NE	179
31045	NE	196
31047	NE	196
31049	NE	196
31051	NE	179
31053	NE	179
31055	NE	179
31057	NE	196
31059	NE	196
31061	NE	196
31063	NE	196
31065	NE	196
31067	NE	196
31069	NE	196
31071	NE	196
31073	NE	196
31075	NE	196
31077	NE	196
31079	NE	196
31081	NE	196
31083	NE	196
31085	NE	196
31087	NE	196
31089	NE	196
31091	NE	196
31093	NE	196
31095	NE	196
31097	NE	196
31099	NE	196
31101	NE	196
31103	NE	196
31105	NE	196
31107	NE	179
31109	NE	196
31111	NE	196
31113	NE	196
31115	NE	179
31117	NE	179
31119	NE	196
31121	NE	196
31123	NE	196
31125	NE	196
31127	NE	196
31129	NE	196
31131	NE	196
31133	NE	196
31135	NE	196
31137	NE	196
31139	NE	179
31141	NE	196
31143	NE	196
31145	NE	196
31147	NE	196
31149	NE	196
31151	NE	196
31153	NE	179
31155	NE	196
31157	NE	196
31159	NE	196
31161	NE	196
31163	NE	196
31165	NE	196
31167	NE	179
31169	NE	196
31171	NE	196
31173	NE	179
31175	NE	196
31177	NE	179
31179	NE	179
31181	NE	196
31183	NE	196
31185	NE	196
32001	NV	189
32003	NV	167
32005	NV	189
32007	NV	189
32009	NV	189
32011	NV	189
32013	NV	189
32015	NV	189
32017	NV	167
32019	NV	189
32021	NV	189
32023	NV	167
32027	NV	189
32029	NV	189
32031	NV	189
32033	NV	167
32510	NV	189
33001	NH	#N/A
33003	NH	#N/A
33005	NH	#N/A
33007	NH	#N/A
33009	NH	#N/A
33011	NH	#N/A
33013	NH	#N/A
33015	NH	#N/A
33017	NH	#N/A
33019	NH	#N/A
34001	NJ	227
34003	NJ	227
34005	NJ	227
34007	NJ	227
34009	NJ	227
34011	NJ	227
34013	NJ	227
34015	NJ	227
34017	NJ	227
34019	NJ	227
34021	NJ	227
34023	NJ	227
34025	NJ	227
34027	NJ	227
34029	NJ	227
34031	NJ	227
34033	NJ	227
34035	NJ	227
34037	NJ	227
34039	NJ	227
34041	NJ	227
35001	NM	180
35003	NM	180
35005	NM	180
35006	NM	180
35007	NM	189
35009	NM	189
35011	NM	189
35013	NM	180
35015	NM	180
35017	NM	180
35019	NM	189
35021	NM	189
35023	NM	180
35025	NM	189
35027	NM	180
35028	NM	189
35029	NM	180
35031	NM	180
35033	NM	189
35035	NM	180
35037	NM	189
35039	NM	189
35041	NM	189
35043	NM	180
35045	NM	180
35047	NM	189
35049	NM	189
35051	NM	180
35053	NM	180
35055	NM	189
35057	NM	180
35059	NM	189
35061	NM	180
36001	NY	237
36003	NY	237
36005	NY	256
36007	NY	240
36009	NY	237
36011	NY	240
36013	NY	237
36015	NY	240
36017	NY	240
36019	NY	237
36021	NY	237
36023	NY	240
36025	NY	237
36027	NY	256
36029	NY	237
36031	NY	237
36033	NY	237
36035	NY	237
36037	NY	240
36039	NY	237
36041	NY	237
36043	NY	237
36045	NY	240
36047	NY	256
36049	NY	240
36051	NY	240
36053	NY	240
36055	NY	240
36057	NY	237
36059	NY	256
36061	NY	256
36063	NY	237
36065	NY	240
36067	NY	240
36069	NY	240
36071	NY	256
36073	NY	240
36075	NY	240
36077	NY	237
36079	NY	256
36081	NY	256
36083	NY	237
36085	NY	256
36087	NY	256
36089	NY	240
36091	NY	237
36093	NY	237
36095	NY	237
36097	NY	240
36099	NY	240
36101	NY	240
36103	NY	256
36105	NY	256
36107	NY	240
36109	NY	240
36111	NY	237
36113	NY	237
36115	NY	237
36117	NY	240
36119	NY	256
36121	NY	237
36123	NY	240
37001	NC	192
37003	NC	177
37005	NC	178
37007	NC	177
37009	NC	178
37011	NC	181
37013	NC	192
37015	NC	192
37017	NC	165
37019	NC	165
37021	NC	181
37023	NC	177
37025	NC	177
37027	NC	177
37029	NC	192
37031	NC	165
37033	NC	178
37035	NC	177
37037	NC	192
37039	NC	181
37041	NC	192
37043	NC	181
37045	NC	177
37047	NC	165
37049	NC	165
37051	NC	192
37053	NC	192
37055	NC	192
37057	NC	178
37059	NC	178
37061	NC	165
37063	NC	192
37065	NC	192
37067	NC	178
37069	NC	192
37071	NC	177
37073	NC	192
37075	NC	181
37077	NC	192
37079	NC	192
37081	NC	178
37083	NC	192
37085	NC	192
37087	NC	181
37089	NC	181
37091	NC	192
37093	NC	192
37095	NC	165
37097	NC	177
37099	NC	181
37101	NC	192
37103	NC	165
37105	NC	192
37107	NC	192
37109	NC	177
37111	NC	181
37113	NC	181
37115	NC	181
37117	NC	192
37119	NC	177
37121	NC	181
37123	NC	178
37125	NC	192
37127	NC	192
37129	NC	165
37131	NC	192
37133	NC	165
37135	NC	192
37137	NC	165
37139	NC	192
37141	NC	165
37143	NC	192
37145	NC	192
37147	NC	192
37149	NC	181
37151	NC	178
37153	NC	177
37155	NC	165
37157	NC	178
37159	NC	177
37161	NC	181
37163	NC	192
37165	NC	192
37167	NC	177
37169	NC	178
37171	NC	178
37173	NC	181
37175	NC	181
37177	NC	192
37179	NC	177
37181	NC	192
37183	NC	192
37185	NC	192
37187	NC	192
37189	NC	181
37191	NC	192
37193	NC	178
37195	NC	192
37197	NC	178
37199	NC	181
38001	ND	208
38003	ND	208
38005	ND	204
38007	ND	204
38009	ND	204
38011	ND	208
38013	ND	204
38015	ND	208
38017	ND	208
38019	ND	204
38021	ND	208
38023	ND	204
38025	ND	204
38027	ND	204
38029	ND	208
38031	ND	204
38033	ND	204
38035	ND	204
38037	ND	208
38039	ND	204
38041	ND	208
38043	ND	208
38045	ND	208
38047	ND	208
38049	ND	204
38051	ND	208
38053	ND	204
38055	ND	204
38057	ND	204
38059	ND	208
38061	ND	204
38063	ND	204
38065	ND	204
38067	ND	204
38069	ND	204
38071	ND	204
38073	ND	208
38075	ND	204
38077	ND	208
38079	ND	204
38081	ND	208
38083	ND	204
38085	ND	208
38087	ND	208
38089	ND	204
38091	ND	204
38093	ND	208
38095	ND	204
38097	ND	204
38099	ND	204
38101	ND	204
38103	ND	204
38105	ND	204
39001	OH	206
39003	OH	185
39005	OH	167
39007	OH	159
39009	OH	184
39011	OH	185
39013	OH	167
39015	OH	206
39017	OH	206
39019	OH	167
39021	OH	185
39023	OH	185
39025	OH	206
39027	OH	185
39029	OH	159
39031	OH	167
39033	OH	184
39035	OH	177
39037	OH	185
39039	OH	177
39041	OH	184
39043	OH	177
39045	OH	184
39047	OH	185
39049	OH	184
39051	OH	177
39053	OH	184
39055	OH	159
39057	OH	185
39059	OH	167
39061	OH	206
39063	OH	177
39065	OH	185
39067	OH	167
39069	OH	177
39071	OH	185
39073	OH	184
39075	OH	167
39077	OH	177
39079	OH	184
39081	OH	167
39083	OH	184
39085	OH	177
39087	OH	184
39089	OH	184
39091	OH	185
39093	OH	177
39095	OH	177
39097	OH	184
39099	OH	159
39101	OH	184
39103	OH	177
39105	OH	184
39107	OH	185
39109	OH	185
39111	OH	167
39113	OH	185
39115	OH	184
39117	OH	184
39119	OH	184
39121	OH	167
39123	OH	177
39125	OH	177
39127	OH	184
39129	OH	184
39131	OH	184
39133	OH	177
39135	OH	185
39137	OH	177
39139	OH	167
39141	OH	184
39143	OH	177
39145	OH	184
39147	OH	177
39149	OH	185
39151	OH	167
39153	OH	177
39155	OH	159
39157	OH	167
39159	OH	184
39161	OH	185
39163	OH	184
39165	OH	206
39167	OH	184
39169	OH	167
39171	OH	177
39173	OH	177
39175	OH	177
40001	OK	142
40003	OK	143
40005	OK	143
40007	OK	143
40009	OK	143
40011	OK	143
40013	OK	143
40015	OK	143
40017	OK	143
40019	OK	143
40021	OK	142
40023	OK	142
40025	OK	143
40027	OK	143
40029	OK	143
40031	OK	143
40033	OK	143
40035	OK	142
40037	OK	142
40039	OK	143
40041	OK	142
40043	OK	143
40045	OK	143
40047	OK	143
40049	OK	143
40051	OK	143
40053	OK	143
40055	OK	143
40057	OK	143
40059	OK	143
40061	OK	142
40063	OK	143
40065	OK	143
40067	OK	143
40069	OK	143
40071	OK	142
40073	OK	143
40075	OK	143
40077	OK	142
40079	OK	142
40081	OK	143
40083	OK	143
40085	OK	143
40087	OK	143
40089	OK	142
40091	OK	142
40093	OK	143
40095	OK	143
40097	OK	142
40099	OK	143
40101	OK	142
40103	OK	143
40105	OK	142
40107	OK	142
40109	OK	143
40111	OK	142
40113	OK	142
40115	OK	142
40117	OK	142
40119	OK	143
40121	OK	142
40123	OK	143
40125	OK	143
40127	OK	142
40129	OK	143
40131	OK	142
40133	OK	143
40135	OK	142
40137	OK	143
40139	OK	143
40141	OK	143
40143	OK	142
40145	OK	142
40147	OK	142
40149	OK	143
40151	OK	143
40153	OK	143
41001	OR	213
41003	OR	213
41005	OR	213
41007	OR	213
41009	OR	213
41011	OR	204
41013	OR	204
41015	OR	195
41017	OR	204
41019	OR	204
41021	OR	213
41023	OR	213
41025	OR	204
41027	OR	213
41029	OR	195
41031	OR	213
41033	OR	195
41035	OR	195
41037	OR	195
41039	OR	204
41041	OR	213
41043	OR	213
41045	OR	204
41047	OR	213
41049	OR	213
41051	OR	213
41053	OR	213
41055	OR	213
41057	OR	213
41059	OR	213
41061	OR	213
41063	OR	213
41065	OR	213
41067	OR	213
41069	OR	213
41071	OR	213
42001	PA	208
42003	PA	201
42005	PA	201
42007	PA	201
42009	PA	172
42011	PA	227
42013	PA	172
42015	PA	191
42017	PA	227
42019	PA	201
42021	PA	172
42023	PA	172
42025	PA	191
42027	PA	208
42029	PA	227
42031	PA	201
42033	PA	172
42035	PA	208
42037	PA	191
42039	PA	191
42041	PA	208
42043	PA	208
42045	PA	227
42047	PA	172
42049	PA	191
42051	PA	201
42053	PA	191
42055	PA	208
42057	PA	208
42059	PA	201
42061	PA	208
42063	PA	172
42065	PA	172
42067	PA	208
42069	PA	191
42071	PA	226
42073	PA	201
42075	PA	208
42077	PA	238
42079	PA	191
42081	PA	191
42083	PA	191
42085	PA	201
42087	PA	208
42089	PA	238
42091	PA	227
42093	PA	191
42095	PA	238
42097	PA	191
42099	PA	208
42101	PA	227
42103	PA	191
42105	PA	191
42107	PA	191
42109	PA	208
42111	PA	172
42113	PA	191
42115	PA	191
42117	PA	191
42119	PA	208
42121	PA	191
42123	PA	191
42125	PA	201
42127	PA	191
42129	PA	201
42131	PA	191
42133	PA	214
44001	RI	210
44003	RI	210
44005	RI	210
44007	RI	210
44009	RI	210
45001	SC	158
45003	SC	162
45005	SC	162
45007	SC	158
45009	SC	162
45011	SC	162
45013	SC	169
45015	SC	169
45017	SC	180
45019	SC	169
45021	SC	159
45023	SC	177
45025	SC	177
45027	SC	180
45029	SC	169
45031	SC	180
45033	SC	158
45035	SC	169
45037	SC	162
45039	SC	180
45041	SC	158
45043	SC	158
45045	SC	158
45047	SC	158
45049	SC	162
45051	SC	158
45053	SC	169
45055	SC	180
45057	SC	177
45059	SC	159
45061	SC	180
45063	SC	180
45065	SC	162
45067	SC	158
45069	SC	158
45071	SC	180
45073	SC	158
45075	SC	180
45077	SC	158
45079	SC	180
45081	SC	162
45083	SC	159
45085	SC	180
45087	SC	159
45089	SC	158
45091	SC	177
46003	SD	172
46005	SD	172
46007	SD	178
46009	SD	172
46011	SD	172
46013	SD	172
46015	SD	172
46017	SD	172
46019	SD	178
46021	SD	178
46023	SD	172
46025	SD	172
46027	SD	172
46029	SD	172
46031	SD	178
46033	SD	178
46035	SD	172
46037	SD	172
46039	SD	172
46041	SD	178
46043	SD	172
46045	SD	172
46047	SD	178
46049	SD	172
46051	SD	172
46053	SD	172
46055	SD	178
46057	SD	172
46059	SD	172
46061	SD	172
46063	SD	178
46065	SD	178
46067	SD	172
46069	SD	172
46071	SD	178
46073	SD	172
46075	SD	178
46077	SD	172
46079	SD	172
46081	SD	178
46083	SD	172
46085	SD	172
46087	SD	172
46089	SD	172
46091	SD	172
46093	SD	178
46095	SD	178
46097	SD	172
46099	SD	172
46101	SD	172
46102	SD	178
46103	SD	178
46105	SD	178
46107	SD	178
46109	SD	172
46111	SD	172
46115	SD	172
46117	SD	178
46119	SD	178
46121	SD	178
46123	SD	172
46125	SD	172
46127	SD	172
46129	SD	178
46135	SD	172
46137	SD	178
47001	TN	156
47003	TN	167
47005	TN	167
47007	TN	165
47009	TN	156
47011	TN	165
47013	TN	156
47015	TN	167
47017	TN	167
47019	TN	159
47021	TN	167
47023	TN	167
47025	TN	156
47027	TN	167
47029	TN	156
47031	TN	165
47033	TN	167
47035	TN	156
47037	TN	167
47039	TN	167
47041	TN	167
47043	TN	167
47045	TN	167
47047	TN	167
47049	TN	156
47051	TN	165
47053	TN	167
47055	TN	167
47057	TN	156
47059	TN	159
47061	TN	165
47063	TN	156
47065	TN	165
47067	TN	159
47069	TN	167
47071	TN	167
47073	TN	159
47075	TN	167
47077	TN	167
47079	TN	167
47081	TN	167
47083	TN	167
47085	TN	167
47087	TN	167
47089	TN	156
47091	TN	159
47093	TN	156
47095	TN	167
47097	TN	167
47099	TN	167
47101	TN	167
47103	TN	165
47105	TN	156
47107	TN	165
47109	TN	167
47111	TN	167
47113	TN	167
47115	TN	165
47117	TN	167
47119	TN	167
47121	TN	165
47123	TN	156
47125	TN	167
47127	TN	165
47129	TN	156
47131	TN	167
47133	TN	156
47135	TN	167
47137	TN	156
47139	TN	165
47141	TN	167
47143	TN	165
47145	TN	156
47147	TN	167
47149	TN	167
47151	TN	156
47153	TN	165
47155	TN	156
47157	TN	167
47159	TN	167
47161	TN	167
47163	TN	159
47165	TN	167
47167	TN	167
47169	TN	167
47171	TN	159
47173	TN	156
47175	TN	165
47177	TN	165
47179	TN	159
47181	TN	167
47183	TN	167
47185	TN	165
47187	TN	167
47189	TN	167
48001	TX	151
48003	TX	140
48005	TX	140
48007	TX	138
48009	TX	151
48011	TX	152
48013	TX	146
48015	TX	153
48017	TX	135
48019	TX	146
48021	TX	161
48023	TX	151
48025	TX	138
48027	TX	161
48029	TX	146
48031	TX	161
48033	TX	135
48035	TX	151
48037	TX	151
48039	TX	153
48041	TX	153
48043	TX	140
48045	TX	152
48047	TX	138
48049	TX	161
48051	TX	161
48053	TX	161
48055	TX	161
48057	TX	153
48059	TX	151
48061	TX	137
48063	TX	151
48065	TX	152
48067	TX	151
48069	TX	152
48071	TX	140
48073	TX	151
48075	TX	135
48077	TX	151
48079	TX	135
48081	TX	140
48083	TX	161
48085	TX	151
48087	TX	152
48089	TX	153
48091	TX	161
48093	TX	151
48095	TX	140
48097	TX	151
48099	TX	161
48101	TX	135
48103	TX	140
48105	TX	140
48107	TX	135
48109	TX	125
48111	TX	152
48113	TX	151
48115	TX	140
48117	TX	152
48119	TX	151
48121	TX	151
48123	TX	161
48125	TX	135
48127	TX	146
48129	TX	152
48131	TX	138
48133	TX	151
48135	TX	140
48137	TX	146
48139	TX	151
48141	TX	125
48143	TX	151
48145	TX	161
48147	TX	151
48149	TX	161
48151	TX	135
48153	TX	135
48155	TX	135
48157	TX	153
48159	TX	151
48161	TX	151
48163	TX	146
48165	TX	140
48167	TX	153
48169	TX	135
48171	TX	146
48173	TX	140
48175	TX	138
48177	TX	161
48179	TX	152
48181	TX	151
48183	TX	151
48185	TX	153
48187	TX	161
48189	TX	135
48191	TX	152
48193	TX	151
48195	TX	152
48197	TX	135
48199	TX	140
48201	TX	153
48203	TX	151
48205	TX	152
48207	TX	135
48209	TX	161
48211	TX	152
48213	TX	151
48215	TX	137
48217	TX	151
48219	TX	135
48221	TX	151
48223	TX	151
48225	TX	153
48227	TX	140
48229	TX	125
48231	TX	151
48233	TX	152
48235	TX	140
48237	TX	151
48239	TX	153
48241	TX	140
48243	TX	140
48245	TX	140
48247	TX	137
48249	TX	138
48251	TX	151
48253	TX	135
48255	TX	146
48257	TX	151
48259	TX	146
48261	TX	138
48263	TX	135
48265	TX	146
48267	TX	146
48269	TX	135
48271	TX	146
48273	TX	138
48275	TX	135
48277	TX	151
48279	TX	135
48281	TX	161
48283	TX	146
48285	TX	161
48287	TX	161
48289	TX	153
48291	TX	153
48293	TX	151
48295	TX	152
48297	TX	138
48299	TX	161
48301	TX	140
48303	TX	135
48305	TX	135
48307	TX	161
48309	TX	151
48311	TX	146
48313	TX	153
48315	TX	151
48317	TX	140
48319	TX	161
48321	TX	153
48323	TX	146
48325	TX	146
48327	TX	161
48329	TX	140
48331	TX	161
48333	TX	161
48335	TX	140
48337	TX	151
48339	TX	153
48341	TX	152
48343	TX	151
48345	TX	135
48347	TX	140
48349	TX	151
48351	TX	140
48353	TX	140
48355	TX	138
48357	TX	152
48359	TX	152
48361	TX	140
48363	TX	151
48365	TX	140
48367	TX	151
48369	TX	152
48371	TX	140
48373	TX	140
48375	TX	152
48377	TX	140
48379	TX	151
48381	TX	152
48383	TX	140
48385	TX	146
48387	TX	151
48389	TX	140
48391	TX	138
48393	TX	152
48395	TX	161
48397	TX	151
48399	TX	140
48401	TX	151
48403	TX	140
48405	TX	140
48407	TX	153
48409	TX	138
48411	TX	161
48413	TX	140
48415	TX	135
48417	TX	151
48419	TX	140
48421	TX	152
48423	TX	151
48425	TX	151
48427	TX	137
48429	TX	151
48431	TX	140
48433	TX	135
48435	TX	140
48437	TX	152
48439	TX	151
48441	TX	140
48443	TX	140
48445	TX	135
48447	TX	151
48449	TX	151
48451	TX	140
48453	TX	161
48455	TX	153
48457	TX	140
48459	TX	151
48461	TX	140
48463	TX	146
48465	TX	146
48467	TX	151
48469	TX	138
48471	TX	153
48473	TX	153
48475	TX	140
48477	TX	153
48479	TX	137
48481	TX	153
48483	TX	152
48485	TX	151
48487	TX	135
48489	TX	137
48491	TX	161
48493	TX	146
48495	TX	140
48497	TX	151
48499	TX	151
48501	TX	135
48503	TX	151
48505	TX	137
48507	TX	146
49001	UT	159
49003	UT	169
49005	UT	169
49007	UT	159
49009	UT	159
49011	UT	169
49013	UT	159
49015	UT	159
49017	UT	159
49019	UT	159
49021	UT	159
49023	UT	159
49025	UT	159
49027	UT	159
49029	UT	169
49031	UT	159
49033	UT	169
49035	UT	169
49037	UT	159
49039	UT	159
49041	UT	159
49043	UT	169
49045	UT	169
49047	UT	159
49049	UT	159
49051	UT	159
49053	UT	159
49055	UT	159
49057	UT	169
50001	VT	235
50003	VT	235
50005	VT	235
50007	VT	235
50009	VT	235
50011	VT	235
50013	VT	235
50015	VT	235
50017	VT	235
50019	VT	235
50021	VT	235
50023	VT	235
50025	VT	235
50027	VT	235
51001	VA	190
51003	VA	194
51005	VA	177
51007	VA	194
51009	VA	177
51011	VA	177
51013	VA	194
51015	VA	177
51017	VA	177
51019	VA	177
51021	VA	177
51023	VA	177
51025	VA	194
51027	VA	177
51029	VA	194
51031	VA	177
51033	VA	194
51035	VA	177
51036	VA	194
51037	VA	194
51041	VA	194
51043	VA	194
51045	VA	177
51047	VA	194
51049	VA	194
51051	VA	177
51053	VA	194
51057	VA	194
51059	VA	194
51061	VA	194
51063	VA	177
51065	VA	194
51067	VA	177
51069	VA	194
51071	VA	177
51073	VA	190
51075	VA	194
51077	VA	177
51079	VA	194
51081	VA	194
51083	VA	177
51085	VA	194
51087	VA	194
51089	VA	177
51091	VA	177
51093	VA	190
51095	VA	190
51097	VA	194
51099	VA	194
51101	VA	194
51103	VA	190
51105	VA	177
51107	VA	194
51109	VA	194
51111	VA	194
51113	VA	194
51115	VA	190
51117	VA	194
51119	VA	190
51121	VA	177
51125	VA	177
51127	VA	194
51131	VA	190
51133	VA	190
51135	VA	194
51137	VA	194
51139	VA	194
51141	VA	177
51143	VA	177
51145	VA	194
51147	VA	194
51149	VA	194
51153	VA	194
51155	VA	177
51157	VA	194
51159	VA	194
51161	VA	177
51163	VA	177
51165	VA	194
51167	VA	177
51169	VA	177
51171	VA	194
51173	VA	177
51175	VA	194
51177	VA	194
51179	VA	194
51181	VA	190
51183	VA	194
51185	VA	177
51187	VA	194
51191	VA	177
51193	VA	194
51195	VA	177
51197	VA	177
51199	VA	190
51510	VA	194
51520	VA	177
51530	VA	177
51540	VA	194
51550	VA	190
51570	VA	194
51580	VA	177
51590	VA	177
51595	VA	194
51600	VA	194
51610	VA	194
51620	VA	190
51630	VA	194
51640	VA	177
51650	VA	190
51660	VA	194
51670	VA	194
51678	VA	177
51680	VA	177
51683	VA	194
51685	VA	194
51690	VA	177
51700	VA	190
51710	VA	190
51720	VA	177
51730	VA	194
51735	VA	190
51740	VA	190
51750	VA	177
51760	VA	194
51770	VA	177
51775	VA	177
51790	VA	177
51800	VA	190
51810	VA	190
51820	VA	177
51830	VA	190
51840	VA	194
53001	WA	195
53003	WA	216
53005	WA	195
53007	WA	236
53009	WA	236
53011	WA	236
53013	WA	195
53015	WA	236
53017	WA	195
53019	WA	216
53021	WA	195
53023	WA	195
53025	WA	195
53027	WA	236
53029	WA	202
53031	WA	236
53033	WA	236
53035	WA	236
53037	WA	195
53039	WA	195
53041	WA	236
53043	WA	216
53045	WA	236
53047	WA	216
53049	WA	236
53051	WA	216
53053	WA	236
53055	WA	202
53057	WA	202
53059	WA	236
53061	WA	236
53063	WA	216
53065	WA	216
53067	WA	236
53069	WA	236
53071	WA	195
53073	WA	202
53075	WA	216
53077	WA	195
54001	WV	208
54003	WV	208
54005	WV	208
54007	WV	208
54009	WV	208
54011	WV	208
54013	WV	208
54015	WV	208
54017	WV	208
54019	WV	208
54021	WV	208
54023	WV	208
54025	WV	208
54027	WV	208
54029	WV	208
54031	WV	208
54033	WV	208
54035	WV	208
54037	WV	208
54039	WV	208
54041	WV	208
54043	WV	208
54045	WV	208
54047	WV	208
54049	WV	208
54051	WV	208
54053	WV	208
54055	WV	208
54057	WV	208
54059	WV	208
54061	WV	208
54063	WV	208
54065	WV	208
54067	WV	208
54069	WV	208
54071	WV	208
54073	WV	208
54075	WV	208
54077	WV	208
54079	WV	208
54081	WV	208
54083	WV	208
54085	WV	208
54087	WV	208
54089	WV	208
54091	WV	208
54093	WV	208
54095	WV	208
54097	WV	208
54099	WV	208
54101	WV	208
54103	WV	208
54105	WV	208
54107	WV	208
54109	WV	208
55001	WI	198
55003	WI	184
55005	WI	184
55007	WI	184
55009	WI	182
55011	WI	175
55013	WI	184
55015	WI	198
55017	WI	175
55019	WI	175
55021	WI	207
55023	WI	175
55025	WI	207
55027	WI	207
55029	WI	182
55031	WI	184
55033	WI	175
55035	WI	175
55037	WI	182
55039	WI	198
55041	WI	198
55043	WI	207
55045	WI	207
55047	WI	198
55049	WI	207
55051	WI	184
55053	WI	175
55055	WI	207
55057	WI	175
55059	WI	206
55061	WI	182
55063	WI	175
55065	WI	207
55067	WI	198
55069	WI	198
55071	WI	182
55073	WI	198
55075	WI	182
55077	WI	198
55078	WI	198
55079	WI	209
55081	WI	175
55083	WI	182
55085	WI	198
55087	WI	198
55089	WI	209
55091	WI	175
55093	WI	175
55095	WI	184
55097	WI	198
55099	WI	184
55101	WI	209
55103	WI	207
55105	WI	207
55107	WI	184
55109	WI	175
55111	WI	207
55113	WI	184
55115	WI	198
55117	WI	198
55119	WI	175
55121	WI	175
55123	WI	175
55125	WI	198
55127	WI	206
55129	WI	184
55131	WI	209
55133	WI	209
55135	WI	198
55137	WI	198
55139	WI	198
55141	WI	175
56001	WY	187
56003	WY	186
56005	WY	186
56007	WY	186
56009	WY	186
56011	WY	186
56013	WY	186
56015	WY	187
56017	WY	186
56019	WY	186
56021	WY	187
56023	WY	186
56025	WY	186
56027	WY	186
56029	WY	186
56031	WY	187
56033	WY	186
56035	WY	186
56037	WY	186
56039	WY	186
56041	WY	186
56043	WY	186
56045	WY	186
72001	PR	#N/A
72003	PR	#N/A
72005	PR	#N/A
72007	PR	#N/A
72009	PR	#N/A
72011	PR	#N/A
72013	PR	#N/A
72015	PR	#N/A
72017	PR	#N/A
72019	PR	#N/A
72021	PR	#N/A
72023	PR	#N/A
72025	PR	#N/A
72027	PR	#N/A
72029	PR	#N/A
72031	PR	#N/A
72033	PR	#N/A
72035	PR	#N/A
72037	PR	#N/A
72039	PR	#N/A
72041	PR	#N/A
72043	PR	#N/A
72045	PR	#N/A
72047	PR	#N/A
72049	PR	#N/A
72051	PR	#N/A
72053	PR	#N/A
72054	PR	#N/A
72055	PR	#N/A
72057	PR	#N/A
72059	PR	#N/A
72061	PR	#N/A
72063	PR	#N/A
72065	PR	#N/A
72067	PR	#N/A
72069	PR	#N/A
72071	PR	#N/A
72073	PR	#N/A
72075	PR	#N/A
72077	PR	#N/A
72079	PR	#N/A
72081	PR	#N/A
72083	PR	#N/A
72085	PR	#N/A
72087	PR	#N/A
72089	PR	#N/A
72091	PR	#N/A
72093	PR	#N/A
72095	PR	#N/A
72097	PR	#N/A
72099	PR	#N/A
72101	PR	#N/A
72103	PR	#N/A
72105	PR	#N/A
72107	PR	#N/A
72109	PR	#N/A
72111	PR	#N/A
72113	PR	#N/A
72115	PR	#N/A
72117	PR	#N/A
72119	PR	#N/A
72121	PR	#N/A
72123	PR	#N/A
72125	PR	#N/A
72127	PR	#N/A
72129	PR	#N/A
72131	PR	#N/A
72133	PR	#N/A
72135	PR	#N/A
72137	PR	#N/A
72139	PR	#N/A
72141	PR	#N/A
72143	PR	#N/A
72145	PR	#N/A
72147	PR	#N/A
72149	PR	#N/A
72151	PR	#N/A
72153	PR	#N/A
